{
  "project_info": {
    "project_number": "269957689366",
    "project_id": "alhakeem-2b2a2",
    "storage_bucket": "alhakeem-2b2a2.firebasestorage.app"
  },
  "client": [
    {
      "client_info": {
        "mobilesdk_app_id": "1:269957689366:android:e1a5420449e05748ee8537",
        "android_client_info": {
          "package_name": "Alhakeem000.com"
        }
      },
      "oauth_client": [],
      "api_key": [
        {
          "current_key": "AIzaSyBxxqgmAjZB9ftQj1wkfUfAl6pKQaWgY04"
        }
      ],
      "services": {
        "appinvite_service": {
          "other_platform_oauth_client": []
        }
      }
    },
    {
      "client_info": {
        "mobilesdk_app_id": "1:269957689366:android:7ed22224ee25e348ee8537",
        "android_client_info": {
          "package_name": "com.alhakeem"
        }
      },
      "oauth_client": [],
      "api_key": [
        {
          "current_key": "AIzaSyBxxqgmAjZB9ftQj1wkfUfAl6pKQaWgY04"
        }
      ],
      "services": {
        "appinvite_service": {
          "other_platform_oauth_client": []
        }
      }
    },
    {
      "client_info": {
        "mobilesdk_app_id": "1:269957689366:android:be66483d49964087ee8537",
        "android_client_info": {
          "package_name": "com.ali"
        }
      },
      "oauth_client": [],
      "api_key": [
        {
          "current_key": "AIzaSyBxxqgmAjZB9ftQj1wkfUfAl6pKQaWgY04"
        }
      ],
      "services": {
        "appinvite_service": {
          "other_platform_oauth_client": []
        }
      }
    }
  ],
  "configuration_version": "1"
}